X,Y
71.99791666666667,-66.64486111111111
71.99375,-66.64513888888888
71.98958333333334,-66.64541666666668
71.98541666666665,-66.64569444444444
71.98124999999999,-66.64597222222223
71.97708333333333,-66.64609375
71.97291666666666,-66.64635416666667
71.96875,-66.64661458333333
71.96458333333334,-66.64661458333333
71.96041666666667,-66.6466911764706
71.95624999999998,-66.64687500000001
71.95208333333332,-66.64693627450981
71.94791666666666,-66.64693627450981
71.94375,-66.64718137254903
71.93958333333333,-66.64718137254903
71.93541666666667,-66.64742647058824
71.93125,-66.64742647058824
71.92708333333334,-66.64742647058824
71.92291666666665,-66.64742647058824
71.91874999999999,-66.64742647058824
71.91458333333333,-66.64742647058824
71.91041666666666,-66.6474537037037
71.90625,-66.6474537037037
71.90208333333334,-66.6474537037037
71.89791666666667,-66.6474537037037
71.89374999999998,-66.64747807017544
71.88958333333332,-66.64747807017544
71.88541666666664,-66.6476851851852
71.88125,-66.64769736842106
71.87708333333335,-66.64769736842106
71.87291666666668,-66.64769736842106
71.86875,-66.64770833333334
71.86458333333334,-66.64791666666667
71.86458333333334,-66.64791666666667
71.86041666666665,-66.64791666666667
71.85624999999999,-66.64811507936508
71.85208333333333,-66.64846014492754
71.84791666666666,-66.64864130434783
71.84375,-66.6490036231884
71.83958333333334,-66.649365942029
71.83541666666667,-66.64990942028986
71.83124999999998,-66.65052083333333
71.82708333333332,-66.65104166666667
71.82291666666666,-66.6517361111111
71.82124999999999,-66.65208333333334
71.81875,-66.65267857142858
71.81458333333333,-66.65347222222222
71.81041666666667,-66.65446428571428
71.80625,-66.65545634920635
71.80291666666668,-66.65625
71.80208333333334,-66.65649509803922
71.79791666666665,-66.65787037037036
71.79374999999999,-66.65902777777778
71.78958333333333,-66.66018518518518
71.78875,-66.66041666666666
71.78541666666666,-66.66152777777778
71.78125,-66.66276041666666
71.77708333333334,-66.6640625
71.77541666666667,-66.66458333333333
71.77291666666667,-66.66531862745097
71.76874999999998,-66.66629901960783
71.76458333333332,-66.66752450980391
71.76041666666666,-66.66851851851851
71.75958333333332,-66.66875000000002
71.75625,-66.66973039215686
71.75208333333333,-66.67083333333333
71.74791666666667,-66.6719362745098
71.74375,-66.67291666666667
71.74375,-66.67291666666667
71.73958333333334,-66.67407407407407
71.73541666666665,-66.6751096491228
71.73124999999999,-66.67620614035087
71.72791666666666,-66.67708333333333
71.72708333333333,-66.67732843137254
71.72291666666666,-66.6787037037037
71.71875,-66.68009259259259
71.71577380952381,-66.68125
71.71458333333334,-66.68180555555556
71.71041666666667,-66.68385416666668
71.70624999999998,-66.68541666666667
71.70624999999998,-66.68541666666667
71.70208333333332,-66.68779761904761
71.6985119047619,-66.68958333333333
71.69791666666666,-66.68993055555555
71.69375,-66.69214743589743
71.69027777777777,-66.69375
71.68958333333333,-66.69409722222221
71.68541666666667,-66.69613095238095
71.68125,-66.69791666666667
71.68125,-66.69791666666667
71.67708333333334,-66.7
71.67291666666665,-66.70208333333333
71.67291666666665,-66.70208333333333
71.66874999999999,-66.70435606060606
71.66458333333333,-66.70625
71.66458333333333,-66.70625
71.66041666666666,-66.70798611111111
71.65625,-66.70977564102564
71.65458333333333,-66.71041666666667
71.65208333333334,-66.71130952380953
71.64791666666667,-66.7125
71.64374999999998,-66.71375
71.64062499999999,-66.71458333333334
71.63958333333332,-66.71486111111112
71.63541666666666,-66.71605392156863
71.63125,-66.71703431372549
71.62708333333333,-66.71805555555557
71.62395833333333,-66.71875
71.62291666666667,-66.71901041666666
71.61875,-66.71997549019608
71.61458333333334,-66.72095588235294
71.61041666666665,-66.72175925925926
71.60624999999999,-66.72267156862745
71.6048611111111,-66.72291666666666
71.60208333333333,-66.72347222222221
71.59791666666666,-66.72458333333333
71.59375,-66.72541666666666
71.58958333333334,-66.72630208333332
71.58541666666667,-66.72708333333333
71.58541666666667,-66.72708333333333
71.58124999999998,-66.72797619047618
71.57708333333332,-66.72886904761904
71.57291666666666,-66.72958333333332
71.56875,-66.73020833333334
71.56458333333333,-66.73098958333333
71.5625,-66.73125
71.56041666666667,-66.73154761904762
71.55625,-66.73208333333334
71.55208333333334,-66.73263888888889
71.54791666666665,-66.73291666666667
71.54374999999999,-66.73347222222222
71.53958333333333,-66.73375
71.53541666666666,-66.73402777777778
71.53125,-66.73402777777778
71.52708333333334,-66.73430555555555
71.52291666666667,-66.73430555555555
71.51874999999998,-66.734375
71.51458333333332,-66.734375
71.51041666666666,-66.734375
71.50625,-66.73419117647059
71.50208333333333,-66.73419117647059
71.49791666666667,-66.73419117647059
71.49375,-66.73419117647059
71.48958333333334,-66.73425925925926
71.48541666666665,-66.73425925925926
71.48124999999999,-66.7343201754386
71.47708333333333,-66.73449074074074
71.47291666666666,-66.73449074074074
71.46875,-66.73449074074074
71.46458333333334,-66.73453947368421
71.46041666666667,-66.73472222222222
71.45624999999998,-66.73475877192982
71.45208333333332,-66.73497807017543
71.44791666666666,-66.73520833333333
71.44375,-66.73541666666667
71.44375,-66.73541666666667
71.43958333333333,-66.73587962962964
71.43541666666667,-66.73634259259259
71.43125,-66.73703703703703
71.42708333333334,-66.73773148148149
71.42291666666665,-66.73826754385965
71.41874999999999,-66.73892543859648
71.41458333333333,-66.73958333333333
71.41458333333333,-66.73958333333333
71.41041666666666,-66.74056372549019
71.40625,-66.7414351851852
71.40208333333334,-66.7422149122807
71.39791666666667,-66.74309210526316
71.39374999999998,-66.74375
71.39374999999998,-66.74375
71.38958333333332,-66.74484649122807
71.38541666666666,-66.74572368421053
71.38125,-66.74645833333334
71.37708333333333,-66.74732142857144
71.37458333333333,-66.74791666666667
71.37291666666667,-66.7483552631579
71.36875,-66.74923245614036
71.36458333333334,-66.75020833333335
71.36041666666665,-66.75128968253968
71.35624999999999,-66.75208333333333
71.35624999999999,-66.75208333333333
71.35208333333333,-66.7530753968254
71.34791666666666,-66.75397727272727
71.34375,-66.75480072463768
71.33958333333334,-66.75570652173911
71.33708333333334,-66.75625
71.33541666666667,-66.75666666666666
71.33124999999998,-66.7578373015873
71.32708333333332,-66.75902777777779
71.32291666666666,-66.76003787878788
71.32152777777777,-66.76041666666667
71.31875,-66.76121031746032
71.31458333333333,-66.76220238095239
71.31041666666667,-66.76325757575758
71.30625,-66.76422101449276
71.30458333333334,-66.76458333333333
71.30208333333334,-66.7651268115942
71.29791666666665,-66.76597222222222
71.29374999999999,-66.7669956140351
71.28958333333333,-66.76805555555555
71.28708333333333,-66.76875
71.28541666666666,-66.76921296296297
71.28125,-66.77060185185185
71.27708333333334,-66.7718201754386
71.27361111111111,-66.77291666666667
71.27291666666667,-66.77319444444446
71.26874999999998,-66.775
71.26458333333332,-66.77678571428572
71.26388888888889,-66.77708333333334
71.26041666666666,-66.77857142857144
71.25625,-66.78005952380953
71.25291666666666,-66.78125
71.25208333333333,-66.78151041666666
71.24791666666667,-66.78255208333333
71.24375,-66.78356481481481
71.23958333333334,-66.78425925925926
71.23541666666665,-66.78479166666666
71.23124999999997,-66.78521825396824
71.22916666666666,-66.78541666666666
71.22708333333333,-66.78566176470588
71.22291666666666,-66.78634259259259
71.21875,-66.78688725490196
71.21458333333334,-66.78737745098039
71.21041666666667,-66.78786764705882
71.20624999999998,-66.78835784313725
71.20208333333332,-66.7886574074074
71.19791666666666,-66.78912037037036
71.19375,-66.78958333333333
71.19375,-66.78958333333333
71.18958333333333,-66.79007352941176
71.18541666666667,-66.79031862745097
71.18125,-66.79062499999999
71.17708333333334,-66.79088541666667
71.17291666666665,-66.79114583333333
71.16874999999999,-66.79129901960783
71.16458333333333,-66.79154411764705
71.16041666666666,-66.79178921568628
71.15625,-66.79212962962964
71.15208333333334,-66.79236111111112
71.14791666666667,-66.7925925925926
71.14374999999998,-66.79287280701755
71.13958333333332,-66.79291666666667
71.13541666666666,-66.793125
71.13125,-66.79333333333334
71.12708333333333,-66.79335317460317
71.12291666666667,-66.7935515873016
71.11875,-66.79375
71.11875,-66.79375
71.11458333333334,-66.7939393939394
71.11041666666665,-66.79411231884059
71.10624999999999,-66.79427083333334
71.10208333333333,-66.79441666666666
71.09791666666666,-66.79455128205129
71.09375,-66.79471153846154
71.08958333333334,-66.79494047619048
71.08541666666667,-66.7951867816092
71.08124999999998,-66.79541666666667
71.07708333333332,-66.79563172043011
71.07291666666666,-66.79583333333333
71.06875,-66.79602272727271
71.06458333333333,-66.79614898989898
71.06041666666667,-66.79632352941177
71.05625,-66.79648809523809
71.05208333333334,-66.79672619047619
71.04791666666665,-66.7969642857143
71.04374999999999,-66.79722222222222
71.03958333333333,-66.79756944444443
71.03541666666666,-66.79791666666667
71.03541666666666,-66.79791666666667
71.03125,-66.79833333333333
71.02708333333334,-66.79885752688172
71.02291666666667,-66.79934895833333
71.01874999999998,-66.79986979166667
71.01458333333332,-66.80031565656566
71.01041666666666,-66.80082070707071
71.00625,-66.80132575757575
71.00208333333333,-66.8017156862745
70.99791666666667,-66.80208333333333
70.99791666666667,-66.80208333333333
70.99375,-66.80247395833332
70.98958333333334,-66.80296717171717
70.98541666666665,-66.80334595959596
70.98124999999999,-66.80379901960785
70.97708333333333,-66.80428921568628
70.97291666666666,-66.80470238095238
70.96875,-66.80526960784313
70.96458333333334,-66.80577380952381
70.96041666666667,-66.80625
70.96041666666667,-66.80625
70.95624999999998,-66.80694444444445
70.95208333333332,-66.80754310344828
70.94791666666666,-66.80811781609196
70.94375,-66.80875
70.93958333333333,-66.80930555555557
70.93541666666667,-66.80986111111112
70.93125,-66.81041666666667
70.93125,-66.81041666666667
70.92708333333334,-66.81105769230768
70.92291666666665,-66.8116512345679
70.91874999999999,-66.81211419753086
70.91458333333333,-66.81257716049383
70.91041666666666,-66.81309523809523
70.90625,-66.81354166666667
70.90208333333334,-66.81400862068965
70.89791666666667,-66.81458333333333
70.89791666666667,-66.81458333333333
70.89374999999998,-66.8150641025641
70.88958333333332,-66.81570512820512
70.88541666666666,-66.81628086419752
70.88125,-66.81689814814814
70.87708333333333,-66.81755952380952
70.87291666666667,-66.81819444444444
70.8701388888889,-66.81875
70.86875,-66.8190705128205
70.86458333333334,-66.81987179487179
70.86041666666665,-66.82060185185185
70.85624999999999,-66.82142857142857
70.85208333333333,-66.8221450617284
70.84791666666666,-66.82276785714286
70.846875,-66.82291666666667
70.84375,-66.82339743589745
70.83958333333334,-66.82387820512821
70.83541666666667,-66.82430555555555
70.83124999999998,-66.82470238095239
70.82708333333332,-66.825
70.82291666666666,-66.82514880952381
70.81875,-66.82529761904762
70.81458333333333,-66.8253591954023
70.81041666666667,-66.8253591954023
70.80625,-66.8253591954023
70.80208333333334,-66.82521551724139
70.79791666666665,-66.82521551724139
70.79374999999999,-66.82507183908046
70.78958333333333,-66.82486111111112
70.78541666666666,-66.82479838709678
70.78125,-66.824609375
70.77708333333334,-66.82434895833333
70.77291666666667,-66.82408854166667
70.76874999999998,-66.82380050505051
70.76458333333332,-66.82342171717173
70.76041666666666,-66.82291666666667
70.76041666666666,-66.82291666666667
70.75625,-66.82257882882882
70.75208333333333,-66.82214912280702
70.74791666666667,-66.8218201754386
70.74375,-66.82152777777779
70.73958333333334,-66.82114583333333
70.73541666666665,-66.8209375
70.73124999999999,-66.820625
70.72708333333333,-66.8203125
70.72291666666666,-66.81996951219512
70.71875,-66.81964285714285
70.71458333333334,-66.81942829457364
70.71041666666667,-66.81913759689922
70.70624999999998,-66.81893939393939
70.70208333333332,-66.81884259259259
70.69791666666666,-66.81875
70.69791666666666,-66.81875
70.69375,-66.81866666666666
70.68958333333333,-66.81875
70.68958333333333,-66.81875
70.68541666666667,-66.81884057971014
70.68125,-66.81902173913043
70.67708333333334,-66.81928191489361
70.67291666666665,-66.8196365248227
70.66874999999999,-66.82010869565218
70.66458333333333,-66.82061170212766
70.66041666666666,-66.82119565217391
70.65625,-66.82182971014493
70.65208333333334,-66.8225543478261
70.64970238095239,-66.82291666666667
70.64791666666667,-66.82322916666666
70.64374999999998,-66.82385416666668
70.63958333333332,-66.82458333333334
70.63541666666666,-66.82525406504065
70.63125,-66.82596544715447
70.62708333333333,-66.82658730158731
70.6236111111111,-66.82708333333333
70.62291666666667,-66.82719907407407
70.61875,-66.82777777777778
70.61458333333334,-66.82839912280701
70.61041666666665,-66.82889957264958
70.60624999999999,-66.829375
70.60208333333333,-66.82979166666667
70.59791666666666,-66.83013211382114
70.59375,-66.83053861788618
70.58958333333334,-66.83085317460318
70.58541666666667,-66.8310562015504
70.58124999999998,-66.83125
70.58124999999998,-66.83125
70.57708333333332,-66.83146367521367
70.57291666666666,-66.8315705128205
70.56875,-66.83166666666666
70.56458333333333,-66.8317581300813
70.56041666666667,-66.83185975609756
70.55625,-66.83192829457364
70.55208333333334,-66.83191287878788
70.54791666666665,-66.83189814814816
70.54374999999999,-66.83188405797101
70.53958333333333,-66.83179347826086
70.53541666666666,-66.83178191489361
70.53125,-66.83169326241135
70.52708333333334,-66.83159722222223
70.52291666666667,-66.83151041666667
70.51874999999998,-66.83141666666667
70.51458333333332,-66.83125
70.51458333333332,-66.83125
70.51041666666664,-66.8311755952381
70.50625,-66.83103448275861
70.50208333333333,-66.83089689265536
70.49791666666667,-66.83076388888888
70.49375,-66.83063524590165
70.48958333333334,-66.83051075268817
70.48541666666665,-66.83045634920634
70.48124999999999,-66.83039021164022
70.47708333333333,-66.83040364583333
70.47291666666666,-66.83040364583333
70.46875,-66.83041666666668
70.46458333333334,-66.83048076923076
70.46041666666667,-66.83048076923076
70.45624999999998,-66.83054487179487
70.45208333333332,-66.83060897435897
70.44791666666666,-66.83073717948719
70.44375,-66.83080128205127
70.43958333333333,-66.83092447916667
70.43541666666667,-66.83098958333333
70.43125,-66.83111772486771
70.42708333333336,-66.83118386243386
70.425,-66.83125
70.42291666666665,-66.83132861635221
70.41874999999999,-66.83148148148148
70.41458333333333,-66.83155303030303
70.41041666666666,-66.83154761904761
70.40625,-66.83154239766081
70.40208333333334,-66.83153735632183
70.39791666666667,-66.83146186440678
70.39374999999998,-66.83138661202186
70.38958333333332,-66.83131613756613
70.38749999999999,-66.83125
70.38541666666667,-66.83119047619047
70.38125,-66.83107638888889
70.37708333333333,-66.83101851851852
70.37291666666667,-66.83101525821596
70.36875,-66.83101525821596
70.36458333333334,-66.83101851851852
70.36041666666667,-66.83113262910798
70.35763888888887,-66.83125
70.35624999999999,-66.83131720430107
70.35208333333333,-66.83159153005464
70.34791666666666,-66.83194444444445
70.34375,-66.83237994350283
70.33958333333334,-66.83290229885058
70.33541666666667,-66.83347701149425
70.33124999999998,-66.8341235632184
70.32708333333332,-66.83478107344632
70.32367424242423,-66.83541666666667
70.32291666666666,-66.83558006535948
70.31875,-66.83637820512821
70.31458333333333,-66.83722484276731
70.31041666666667,-66.83796296296296
70.30625,-66.83869047619048
70.30208333333334,-66.83929093567252
70.3,-66.83958333333334
70.29791666666665,-66.83990384615385
70.29374999999999,-66.84052672955974
70.28958333333333,-66.84112654320988
70.28541666666666,-66.84166666666667
70.28125,-66.84214181286549
70.27708333333334,-66.84260057471265
70.27291666666667,-66.84295977011494
70.26874999999998,-66.84331896551724
70.26458333333332,-66.84375
70.26458333333332,-66.84375
70.26041666666666,-66.84413580246914
70.25625,-66.84458333333333
70.25208333333333,-66.84495056497175
70.24791666666667,-66.8451171875
70.24375,-66.84499378109453
70.23958333333334,-66.84469696969697
70.23541666666665,-66.84456967213114
70.23124999999999,-66.8450918079096
70.22708333333333,-66.84627976190477
70.22291666666666,-66.84774305555555
70.22227564102563,-66.84791666666666
70.21875,-66.84854452054793
70.21458333333334,-66.84870169082124
70.21041666666667,-66.84890536723164
70.20624999999998,-66.84938725490196
70.20208333333332,-66.84977836879432
70.19791666666666,-66.8498106060606
70.19375,-66.84994658119658
70.18958333333333,-66.8501225490196
70.18541666666667,-66.85026041666666
70.18125,-66.85044191919191
70.17708333333334,-66.85065104166665
70.17291666666665,-66.85114247311827
70.16874999999999,-66.85143229166667
70.16458333333333,-66.8515931372549
70.16041666666666,-66.85162037037036
70.15625,-66.8515350877193
70.15208333333334,-66.85163288288288
70.14791666666667,-66.85196078431372
70.14652777777778,-66.85208333333333
70.14374999999998,-66.85232843137254
70.13958333333332,-66.85263157894737
70.13541666666666,-66.85293803418803
70.13125,-66.85339912280702
70.12708333333333,-66.85385101010101
70.12291666666667,-66.85390625
70.11875,-66.85374999999999
70.11458333333334,-66.8536858974359
70.11041666666665,-66.85385416666666
70.10624999999999,-66.85411036036035
70.10208333333333,-66.85435606060605
70.09791666666666,-66.85458333333334
70.09375,-66.85458333333334
70.08958333333334,-66.85423850574712
70.08541666666667,-66.85316358024691
70.08124999999998,-66.85238095238094
70.07708333333332,-66.85299479166666
70.07291666666666,-66.85435606060605
70.06875,-66.85581896551724
70.06625,-66.85625
70.06458333333333,-66.85651041666667
70.0625,-66.85625
70.06041666666667,-66.85581140350877
70.05625,-66.85458333333334
70.05208333333334,-66.8542572463768
70.04791666666665,-66.85458333333334
70.04374999999999,-66.85503472222223
70.03958333333333,-66.85532407407408
70.03541666666666,-66.85553160919541
70.03125,-66.85581896551724
70.02708333333334,-66.8559811827957
70.02430555555556,-66.85625
70.02291666666667,-66.85639880952381
70.01874999999998,-66.85669642857142
70.01458333333332,-66.8569683908046
70.01041666666666,-66.8573252688172
70.00625,-66.8575940860215
70.00208333333333,-66.85789141414142
69.99791666666667,-66.85808823529412
69.99375,-66.85833333333333
69.98958333333334,-66.85850225225225
69.98541666666665,-66.85866228070175
69.98124999999999,-66.85877192982457
69.97708333333333,-66.85899122807018
69.97291666666666,-66.85910087719299
69.96875,-66.8593201754386
69.96458333333334,-66.85953947368421
69.96041666666667,-66.85977564102564
69.95624999999998,-66.86008771929825
69.95208333333332,-66.86041666666667
69.95208333333332,-66.86041666666667
69.94791666666666,-66.86079545454545
69.94375,-66.86127450980392
69.93958333333333,-66.86164215686274
69.93541666666667,-66.86200980392157
69.93125,-66.86243686868687
69.92708333333334,-66.86281565656564
69.92291666666665,-66.86315104166667
69.91874999999999,-66.86354166666666
69.91458333333333,-66.86380208333333
69.91041666666666,-66.8640625
69.90625,-66.86444892473118
69.90416666666667,-66.86458333333333
69.90208333333334,-66.86473214285714
69.89791666666667,-66.86502976190476
69.89374999999998,-66.86532738095238
69.88958333333332,-66.865625
69.88541666666666,-66.86592261904762
69.88125,-66.86612654320987
69.87708333333333,-66.86636904761905
69.87291666666667,-66.86658950617283
69.86875,-66.86674382716049
69.86458333333334,-66.86682692307693
69.86041666666665,-66.86698717948718
69.85624999999999,-66.86708333333334
69.85208333333333,-66.86708333333334
69.84791666666666,-66.86708333333334
69.84375,-66.86708333333334
69.83958333333334,-66.86691666666667
69.83541666666667,-66.86691666666667
69.83124999999998,-66.86675
69.82708333333332,-66.86649305555555
69.82291666666666,-66.86631944444444
69.81875,-66.86597222222223
69.81458333333333,-66.865625
69.81041666666667,-66.86527777777778
69.80625,-66.86476449275362
69.80486111111112,-66.86458333333333
69.80208333333334,-66.86425
69.79791666666665,-66.86375
69.79374999999999,-66.86319444444445
69.78958333333333,-66.8626736111111
69.78541666666666,-66.86197916666666
69.78125,-66.86132246376812
69.77708333333334,-66.86077898550725
69.775,-66.86041666666667
69.77291666666667,-66.86008333333334
69.76874999999998,-66.85941666666666
69.76458333333332,-66.85868055555555
69.76041666666666,-66.85798611111112
69.75625,-66.85715579710146
69.75208333333333,-66.8564311594203
69.75125,-66.85625
69.74791666666667,-66.85563271604939
69.74375,-66.85496794871796
69.73958333333334,-66.85439814814815
69.73541666666665,-66.8540064102564
69.73124999999999,-66.85362654320987
69.72708333333333,-66.85336538461539
69.72291666666666,-66.85320512820513
69.71875,-66.85304487179486
69.71458333333334,-66.85304487179486
69.71041666666667,-66.85308333333333
69.70624999999998,-66.85308333333333
69.70208333333332,-66.85320512820513
69.69791666666666,-66.85336538461539
69.69375,-66.85341666666666
69.68958333333333,-66.85352564102564
69.68541666666667,-66.8536858974359
69.68125,-66.85374999999999
69.67708333333334,-66.85391666666666
69.67291666666665,-66.85399305555555
69.66874999999999,-66.85408333333334
69.66458333333333,-66.85425000000001
69.66041666666666,-66.85434027777778
69.65625,-66.85451388888887
69.65208333333334,-66.8546875
69.64791666666667,-66.85480072463768
69.64374999999998,-66.85498188405796
69.63958333333332,-66.85516304347826
69.63541666666666,-66.85530303030303
69.63125,-66.85534420289855
69.62708333333333,-66.85534420289855
69.62291666666667,-66.85545634920635
69.61875,-66.85545634920635
69.61458333333334,-66.855625
69.61041666666665,-66.855625
69.60624999999999,-66.855625
69.60208333333333,-66.855625
69.59791666666666,-66.855625
69.59375,-66.85559210526316
69.58958333333334,-66.85559210526316
69.58541666666667,-66.85559210526316
69.58124999999998,-66.85559210526316
69.57708333333332,-66.85555555555555
69.57291666666666,-66.85555555555555
69.56875,-66.85532407407408
69.56458333333333,-66.85526960784314
69.56041666666667,-66.85526960784314
69.55625,-66.85502450980391
69.55208333333334,-66.85502450980391
69.54791666666665,-66.8547794117647
69.54374999999999,-66.8547794117647
69.53958333333333,-66.85453431372548
69.53541666666666,-66.85453431372548
69.53125,-66.85453431372548
69.52708333333334,-66.85442708333333
69.52291666666667,-66.85442708333333
69.51874999999998,-66.85416666666666
69.51458333333332,-66.85404411764705
69.51041666666666,-66.85390625
69.50625,-66.85390625
69.50208333333333,-66.85374999999999
69.49791666666667,-66.85357142857143
69.49375,-66.85357142857143
69.48958333333334,-66.85357142857143
69.48541666666665,-66.8536858974359
69.48124999999999,-66.8536858974359
69.47708333333333,-66.85381944444444
69.47291666666666,-66.8540064102564
69.46875,-66.85416666666666
69.46458333333334,-66.85432692307693
69.46041666666667,-66.85451388888887
69.45624999999998,-66.85486111111112
69.45208333333332,-66.85520833333334
69.44791666666666,-66.85587121212122
69.44375,-66.85625
69.44375,-66.85625
69.43958333333333,-66.85708333333334
69.43541666666667,-66.8575
69.43125,-66.85833333333333
69.42708333333334,-66.85890151515152
69.42291666666665,-66.85965909090908
69.41874999999999,-66.86041666666667
69.41874999999999,-66.86041666666667
69.41458333333333,-66.86125
69.41041666666666,-66.86208333333333
69.40625,-66.86291666666666
69.40208333333334,-66.86375
69.39791666666667,-66.86458333333333
69.39791666666667,-66.86458333333333
69.39374999999998,-66.86541666666666
69.38958333333332,-66.86625000000001
69.38541666666666,-66.86708333333334
69.38125,-66.86782407407408
69.37708333333333,-66.86833333333334
69.37291666666667,-66.86875
69.37291666666667,-66.86875
69.36875,-66.86909722222222
69.36458333333334,-66.86909722222222
69.36041666666665,-66.86875
69.36041666666665,-66.86875
69.35624999999999,-66.86837121212122
69.35208333333333,-66.86799242424243
69.34791666666666,-66.86761363636364
69.34375,-66.86736111111111
69.33958333333334,-66.86701388888889
69.33541666666667,-66.86666666666667
69.33124999999998,-66.86682692307693
69.32708333333332,-66.86682692307693
69.32291666666666,-66.86696428571429
69.31875,-66.8672619047619
69.31458333333333,-66.86736111111111
69.31041666666667,-66.8676388888889
69.30625,-66.86791666666667
69.30208333333334,-66.86822916666668
69.29791666666665,-66.86848958333334
69.29583333333332,-66.86875
69.29374999999999,-66.86902777777777
69.28958333333333,-66.86930555555556
69.28541666666666,-66.86958333333334
69.28125,-66.86979166666667
69.27708333333334,-66.8702205882353
69.27291666666667,-66.87071078431373
69.26874999999998,-66.87095588235294
69.26458333333332,-66.87120098039216
69.26041666666666,-66.87144607843138
69.25625,-66.87169117647059
69.25208333333333,-66.8719362745098
69.24791666666667,-66.87218137254902
69.24375,-66.87242647058824
69.23958333333334,-66.87267156862745
69.23541666666665,-66.87291666666667
69.23541666666665,-66.87291666666667
69.23124999999999,-66.87326388888889
69.22708333333333,-66.87395833333333
69.22291666666666,-66.87465277777778
69.21875,-66.87556818181818
69.21458333333334,-66.87632575757576
69.21180555555557,-66.87708333333333
69.21041666666667,-66.87760416666667
69.20624999999998,-66.87916666666666
69.20208333333332,-66.88020833333333
69.19791666666666,-66.88125
69.19791666666666,-66.88125
69.19375,-66.88263888888889
69.18958333333333,-66.88374999999999
69.18541666666667,-66.885
69.18402777777779,-66.88541666666667
69.18125,-66.88645833333334
69.17708333333334,-66.88819444444445
69.17395833333333,-66.88958333333333
69.17291666666665,-66.89010416666666
69.16874999999999,-66.89189814814814
69.16458333333333,-66.89375
69.16458333333333,-66.89375
69.16041666666666,-66.89541666666668
69.15625,-66.89687500000001
69.15375,-66.89791666666667
69.15208333333334,-66.8985576923077
69.14791666666667,-66.89983974358975
69.14374999999998,-66.90119047619048
69.14124999999999,-66.90208333333334
69.13958333333332,-66.90260416666666
69.13541666666666,-66.90364583333334
69.13125,-66.9046875
69.12708333333333,-66.90575980392157
69.125,-66.90625
69.12291666666667,-66.90677083333333
69.11875,-66.9078125
69.11458333333334,-66.90879629629629
69.11041666666665,-66.90972222222223
69.10624999999999,-66.91041666666666
69.10624999999999,-66.91041666666666
69.10208333333333,-66.91134259259259
69.09791666666666,-66.91217105263158
69.09375,-66.91291666666666
69.08958333333334,-66.91354166666666
69.08541666666667,-66.91437499999999
69.084375,-66.91458333333333
69.08124999999998,-66.91524122807017
69.07708333333332,-66.91604166666667
69.07291666666666,-66.916875
69.06875,-66.91770833333334
69.06458333333333,-66.91854166666667
69.06375,-66.91875
69.06041666666667,-66.91967592592593
69.05625,-66.92060185185186
69.05208333333334,-66.92152777777778
69.04791666666665,-66.92268518518517
69.04687499999999,-66.92291666666667
69.04374999999999,-66.92375
69.03958333333333,-66.925
69.03541666666666,-66.92604166666666
69.03208333333333,-66.92708333333333
69.03125,-66.92736111111111
69.02708333333334,-66.92838541666666
69.02291666666667,-66.92930555555556
69.01874999999998,-66.93020833333334
69.01458333333332,-66.93098958333334
69.01319444444444,-66.93125
69.01041666666666,-66.93180555555556
69.00625,-66.9327205882353
69.00208333333333,-66.93345588235294
68.99791666666667,-66.93419117647059
68.99375,-66.93472222222223
68.98958333333334,-66.93541666666667
68.98958333333334,-66.93541666666667
68.98541666666665,-66.93615196078431
68.98124999999999,-66.93664215686275
68.97708333333333,-66.93726851851852
68.97291666666666,-66.93773148148148
68.96875,-66.93819444444445
68.96458333333334,-66.93854166666667
68.96041666666667,-66.93895833333333
68.95624999999998,-66.939375
68.95416666666665,-66.93958333333333
68.95208333333332,-66.93982843137255
68.94791666666666,-66.94007352941176
68.94375,-66.9405637254902
68.93958333333333,-66.94097222222221
68.93541666666667,-66.94143518518518
68.93125,-66.94178921568627
68.92708333333334,-66.94212962962963
68.92291666666665,-66.94252450980392
68.91874999999999,-66.94301470588235
68.91458333333333,-66.94350490196078
68.9125,-66.94375
68.91041666666666,-66.94404761904761
68.90625,-66.94464285714285
68.90208333333334,-66.9452380952381
68.89791666666667,-66.94567307692307
68.89374999999998,-66.94613095238094
68.88958333333332,-66.9467261904762
68.88541666666666,-66.94702380952381
68.88125,-66.94736111111112
68.87708333333333,-66.94791666666667
68.87708333333333,-66.94791666666667
68.87291666666667,-66.94819444444444
68.86875,-66.94869791666667
68.86458333333334,-66.94921875
68.86041666666665,-66.94973958333333
68.85624999999999,-66.95026041666667
68.85208333333333,-66.95052083333334
68.84791666666666,-66.95104166666667
68.84375,-66.95134803921569
68.83958333333334,-66.95183823529412
68.83541666666667,-66.95208333333333
68.83541666666667,-66.95208333333333
68.83124999999998,-66.95263888888888
68.82708333333332,-66.953125
68.82291666666666,-66.95364583333333
68.81875,-66.95404411764706
68.81458333333333,-66.95428921568627
68.81041666666667,-66.95462962962964
68.80625,-66.95486111111111
68.80208333333334,-66.95509259259259
68.79791666666665,-66.95532407407407
68.79374999999999,-66.95532407407407
68.78958333333333,-66.95537280701754
68.78541666666666,-66.95541666666666
68.78125,-66.95541666666666
68.77708333333334,-66.95545634920634
68.77291666666667,-66.95565476190477
68.76874999999998,-66.95570652173913
68.76458333333332,-66.95588768115942
68.76041666666666,-66.95607638888889
68.75833333333333,-66.95625
68.75625,-66.9564236111111
68.75208333333333,-66.95659722222221
68.74791666666667,-66.95694444444445
68.74375,-66.95737179487179
68.73958333333334,-66.9576923076923
68.73541666666665,-66.95818452380952
68.73124999999999,-66.95869252873564
68.72708333333333,-66.95907258064517
68.72291666666666,-66.95937500000001
68.71875,-66.95963541666667
68.71458333333334,-66.95992647058824
68.71041666666667,-66.9601851851852
68.70763888888888,-66.96041666666667
68.70624999999998,-66.96053921568628
68.70208333333332,-66.96087962962963
68.69791666666666,-66.96120495495497
68.69375,-66.96151315789474
68.68958333333333,-66.96180555555557
68.68541666666667,-66.9621875
68.68125,-66.9625
68.67708333333334,-66.96274224806203
68.67291666666665,-66.96303294573644
68.66874999999999,-66.96325757575758
68.66458333333333,-66.96347222222224
68.66041666666666,-66.96367753623188
68.65625,-66.96396276595745
68.65208333333334,-66.96432291666667
68.64895833333334,-66.96458333333334
68.64791666666667,-66.96468023255815
68.64374999999998,-66.96506782945737
68.63958333333332,-66.96550925925926
68.63541666666666,-66.96587962962963
68.63125,-66.96625
68.62708333333333,-66.96666666666667
68.62291666666667,-66.96706560283688
68.61875,-66.96744791666667
68.61458333333334,-66.96779513888889
68.61041666666665,-66.96823979591836
68.60624999999999,-66.96875
68.60624999999999,-66.96875
68.60208333333333,-66.96930555555555
68.59791666666666,-66.96992753623188
68.59375,-66.97056159420289
68.58958333333334,-66.97128623188406
68.58541666666667,-66.9719414893617
68.58124999999998,-66.97265070921986
68.57968749999998,-66.97291666666666
68.57708333333332,-66.97337962962963
68.57291666666666,-66.97418478260869
68.56875,-66.97504432624113
68.56458333333333,-66.9759548611111
68.56041666666667,-66.9767431972789
68.55856481481482,-66.97708333333333
68.55625,-66.9775173611111
68.55208333333334,-66.97825
68.54791666666665,-66.979
68.54374999999999,-66.9796977124183
68.53958333333333,-66.98041666666667
68.53541666666666,-66.9810866013072
68.53449074074074,-66.98125
68.53125,-66.98182189542484
68.52708333333334,-66.98247549019608
68.52291666666667,-66.98317307692308
68.51874999999998,-66.98381410256411
68.51458333333332,-66.98445512820513
68.51041666666666,-66.98502358490566
68.50810185185185,-66.98541666666667
68.50625,-66.98575
68.50208333333333,-66.98654513888889
68.49791666666667,-66.98763297872341
68.49375,-66.98873299319727
68.48958333333334,-66.98928571428571
68.48541666666665,-66.98958333333333
68.48541666666665,-66.98958333333333
68.48124999999999,-66.99007768361582
68.47708333333333,-66.99108606557377
68.47291666666666,-66.99209656084656
68.46875,-66.99284722222222
68.46458333333334,-66.99338450292397
68.46160714285715,-66.99375
68.46041666666667,-66.99388888888889
68.45624999999998,-66.9945987654321
68.45208333333332,-66.99554738562091
68.44791666666666,-66.99641666666668
68.44375,-66.99732142857144
68.44083333333333,-66.99791666666667
68.43958333333333,-66.9981717687075
68.43541666666667,-66.99913194444444
68.43125,-67.00008680555555
68.42708333333334,-67.00106292517006
68.42291666666665,-67.00208333333333
68.42291666666665,-67.00208333333333
68.41874999999999,-67.003125
68.41458333333333,-67.00416666666666
68.41041666666666,-67.00520833333333
68.40625,-67.00625
68.40625,-67.00625
68.40208333333334,-67.00729166666666
68.39791666666667,-67.0084375
68.39374999999998,-67.00947916666668
68.38999999999999,-67.01041666666667
68.38958333333332,-67.01052927927928
68.38541666666666,-67.0116554054054
68.38125,-67.01278153153153
68.37708333333333,-67.01390765765765
68.37458333333333,-67.01458333333333
68.37291666666667,-67.01505952380953
68.36875,-67.0162037037037
68.36458333333334,-67.01732142857142
68.36041666666665,-67.01839285714286
68.35902777777777,-67.01875
68.35624999999999,-67.01948529411764
68.35208333333333,-67.02058823529413
68.34791666666666,-67.02160714285715
68.34375,-67.02255952380952
68.3421875,-67.02291666666667
68.33958333333334,-67.023547979798
68.33541666666667,-67.02455808080809
68.33124999999998,-67.02549019607844
68.32708333333332,-67.02634803921569
68.32351190476189,-67.02708333333334
68.32291666666666,-67.0272095959596
68.31875,-67.02809343434345
68.31458333333333,-67.02897727272727
68.31041666666667,-67.02977941176471
68.30625,-67.03063725490196
68.30277777777778,-67.03125
68.30208333333334,-67.03137626262627
68.29791666666665,-67.03223039215686
68.29374999999999,-67.03296568627451
68.28958333333333,-67.03377525252526
68.28541666666666,-67.03455882352941
68.28124999999999,-67.03517857142856
68.27986111111112,-67.03541666666666
68.27708333333334,-67.03593749999999
68.27291666666667,-67.03671875
68.26874999999998,-67.0375
68.26458333333332,-67.03819444444444
68.26041666666666,-67.03895202020202
68.25694444444443,-67.03958333333333
68.25625,-67.03971774193548
68.25208333333333,-67.04052419354838
68.24791666666667,-67.04146505376343
68.24375,-67.04227150537635
68.23958333333334,-67.0432123655914
68.23720238095237,-67.04375
68.23541666666665,-67.04414062500001
68.23124999999999,-67.0450940860215
68.22708333333333,-67.04603494623656
68.22291666666666,-67.04697580645161
68.21927083333333,-67.04791666666667
68.21875,-67.04805107526882
68.21458333333334,-67.04912634408602
68.21041666666667,-67.05020161290322
68.20624999999998,-67.05127688172041
68.2034722222222,-67.05208333333333
68.20208333333332,-67.0525
68.19791666666666,-67.05375000000001
68.19375,-67.05499999999999
68.19,-67.05625
68.18958333333333,-67.05638020833334
68.18541666666667,-67.05755208333335
68.18125,-67.05885416666668
68.17708333333334,-67.06004901960785
68.17583333333333,-67.06041666666667
68.17291666666665,-67.06120495495496
68.16874999999999,-67.06228070175439
68.16458333333333,-67.06326754385965
68.16041666666666,-67.06426282051282
68.15902777777778,-67.06458333333333
68.15625,-67.06524122807018
68.15208333333334,-67.06629273504274
68.14791666666667,-67.0671875
68.14374999999998,-67.06814024390243
68.14124999999999,-67.06875
68.13958333333332,-67.06924019607843
68.13541666666666,-67.07048611111111
68.13125,-67.07167792792792
68.12708333333333,-67.07280405405406
68.12666666666667,-67.07291666666667
68.12291666666667,-67.07398809523811
68.11875,-67.07511574074074
68.11458333333334,-67.07618243243243
68.11041666666665,-67.07708333333333
68.11041666666665,-67.07708333333333
68.10624999999999,-67.07787162162163
68.10208333333333,-67.07861842105262
68.09791666666666,-67.07931910569106
68.09375,-67.07996031746032
68.08958333333334,-67.08057170542635
68.08541666666669,-67.0811553030303
68.08472222222223,-67.08125
68.08124999999998,-67.08178418803419
68.07708333333332,-67.08212719298245
68.07291666666666,-67.08192567567568
68.06875,-67.08136904761905
68.06458333333333,-67.08170045045046
68.06041666666667,-67.0828003875969
68.05625,-67.08378267973856
68.05208333333334,-67.08452380952382
68.04791666666665,-67.08527777777779
68.04722222222222,-67.08541666666667
68.04374999999999,-67.08640873015874
68.03958333333333,-67.08726851851853
68.03541666666666,-67.08793402777778
68.03125,-67.08856292517007
68.02708333333334,-67.08901143790851
68.02291666666667,-67.08942307692308
68.02125000000001,-67.08958333333334
68.01874999999998,-67.08986111111112
68.01458333333332,-67.0903079710145
68.01041666666666,-67.09073581560284
68.00625,-67.09114583333334
68.00208333333333,-67.09149305555556
67.99791666666667,-67.09187925170068
67.99375,-67.09225
67.98958333333334,-67.09254807692308
67.98541666666665,-67.09286858974359
67.98124999999999,-67.09312106918239
67.97708333333333,-67.0934355345912
67.97291666666666,-67.09375
67.97291666666666,-67.09375
67.96875,-67.09400510204081
67.96458333333334,-67.09417517006803
67.96041666666667,-67.09441666666667
67.95624999999998,-67.09466666666667
67.95208333333332,-67.09491666666666
67.94791666666666,-67.09513888888888
67.94375,-67.09533333333334
67.93958333333333,-67.0955473856209
67.93541666666667,-67.09579248366012
67.93125,-67.09603758169935
67.92708333333334,-67.09631410256411
67.92291666666665,-67.09663461538462
67.91874999999999,-67.09695512820512
67.91458333333333,-67.09735576923077
67.91041666666666,-67.09776234567902
67.90902777777778,-67.09791666666666
67.90625,-67.09825
67.90208333333334,-67.09873366013072
67.89791666666667,-67.09927884615384
67.89374999999998,-67.09980345911949
67.88958333333332,-67.1003086419753
67.88541666666666,-67.10079545454545
67.88125,-67.10125
67.87708333333333,-67.10171130952381
67.87291666666667,-67.10208333333333
67.87291666666667,-67.10208333333333
67.86875,-67.10248397435896
67.86458333333334,-67.10296474358974
67.86041666666665,-67.10336538461539
67.85624999999999,-67.10381289308177
67.85208333333333,-67.10416666666666
67.84791666666666,-67.10449561403509
67.84375,-67.1048132183908
67.83958333333334,-67.10510057471264
67.83541666666667,-67.10534722222222
67.83124999999998,-67.10563524590164
67.82708333333332,-67.10585317460317
67.82291666666666,-67.10611772486773
67.82083333333333,-67.10625
67.81875,-67.10640723270441
67.81458333333333,-67.10670454545455
67.81041666666667,-67.10699404761905
67.80625,-67.10727339181287
67.80208333333334,-67.10738636363637
67.79791666666665,-67.10727201257862
67.79374999999999,-67.1068576388889
67.78958333333333,-67.10652777777777
67.78541666666666,-67.10671296296296
67.78125,-67.10726851851852
67.77708333333334,-67.10778985507247
67.77291666666667,-67.10819444444445
67.76874999999998,-67.10846631205673
67.76458333333332,-67.10880102040817
67.76041666666666,-67.10925
67.75625,-67.10977564102564
67.75208333333333,-67.11026785714286
67.75089285714286,-67.11041666666667
67.74791666666667,-67.11071859903382
67.74375,-67.11112938596492
67.73958333333334,-67.11151041666666
67.73541666666665,-67.11173780487805
67.73124999999999,-67.11187015503876
67.72708333333333,-67.11199712643678
67.72291666666666,-67.11182291666667
67.71875,-67.11117957746478
67.71604166666667,-67.11041666666667
67.71458333333334,-67.10847222222222
67.71201923076924,-67.10625
67.71041666666667,-67.10550595238095
67.70624999999998,-67.10364583333333
67.70267857142856,-67.10208333333333
67.70208333333332,-67.10181451612902
67.69791666666666,-67.09978448275861
67.69453125,-67.09791666666666
67.69375,-67.0975
67.68958333333333,-67.09518678160919
67.68697916666667,-67.09375
67.68541666666667,-67.09291666666667
67.68125,-67.09073275862069
67.67902777777779,-67.08958333333334
67.67708333333334,-67.08854166666667
67.67291666666665,-67.08656609195403
67.67035256410256,-67.08541666666667
67.66874999999999,-67.08467261904762
67.66458333333333,-67.08297413793103
67.66041666666666,-67.08153735632183
67.65958333333333,-67.08125
67.65625,-67.08001543209876
67.65208333333334,-67.07862654320988
67.64791666666667,-67.07738095238095
67.64699074074075,-67.07708333333333
67.64374999999998,-67.07614247311828
67.63958333333332,-67.07513888888889
67.63541666666666,-67.07412634408603
67.63125,-67.07305107526882
67.63072916666665,-67.07291666666667
67.62708333333333,-67.07197580645162
67.62291666666667,-67.07096354166667
67.61875,-67.0700940860215
67.61458333333334,-67.06915322580645
67.61279761904763,-67.06875
67.61041666666665,-67.06821236559139
67.60624999999999,-67.06727150537634
67.60208333333333,-67.06646505376344
67.59791666666666,-67.06555555555555
67.59375,-67.06471774193548
67.59315476190477,-67.06458333333333
67.58958333333334,-67.06375
67.58541666666667,-67.06277777777778
67.58124999999998,-67.06180555555557
67.57708333333332,-67.06083333333333
67.5752976190476,-67.06041666666667
67.57291666666666,-67.05986111111112
67.56875,-67.05888888888889
67.56458333333333,-67.05791666666667
67.56041666666667,-67.05694444444445
67.55744047619048,-67.05625
67.55625,-67.0559811827957
67.55208333333334,-67.05510057471264
67.54791666666665,-67.0540948275862
67.54374999999999,-67.053125
67.53958333333333,-67.05223214285714
67.5389880952381,-67.05208333333333
67.53541666666666,-67.05127688172041
67.53125,-67.05041666666666
67.52708333333334,-67.04949712643678
67.52291666666667,-67.04863505747126
67.51994047619047,-67.04791666666667
67.51874999999998,-67.04764784946236
67.51458333333332,-67.04680555555557
67.51041666666666,-67.04597222222222
67.50625,-67.04504310344828
67.50208333333333,-67.04418103448276
67.5,-67.04375
67.49791666666667,-67.04334677419355
67.49375,-67.0424059139785
67.48958333333334,-67.04159946236558
67.48541666666665,-67.04069444444444
67.48124999999999,-67.0398611111111
67.4798611111111,-67.03958333333333
67.47708333333333,-67.0390625
67.47291666666666,-67.03823924731182
67.46875,-67.03743279569892
67.46458333333334,-67.03662634408602
67.46041666666667,-67.03581989247311
67.45833333333333,-67.03541666666666
67.45624999999998,-67.03504901960784
67.45208333333332,-67.03422619047619
67.44791666666666,-67.03351190476191
67.44375,-67.03272058823529
67.43958333333333,-67.03198529411765
67.43541666666667,-67.03125
67.43541666666667,-67.03125
67.43125,-67.03057432432432
67.42708333333334,-67.02978603603604
67.42291666666665,-67.02911036036036
67.41874999999999,-67.0283564814815
67.41458333333333,-67.02764639639639
67.41160714285714,-67.02708333333334
67.41041666666666,-67.02688953488372
67.40625,-67.02628968253968
67.40208333333334,-67.02562984496124
67.39791666666667,-67.02495155038761
67.39374999999998,-67.02427325581397
67.38958333333332,-67.0234980620155
67.3860119047619,-67.02291666666667
67.38541666666666,-67.02283333333334
67.38125,-67.02216666666668
67.37708333333333,-67.02152777777778
67.37291666666667,-67.02091346153847
67.36875,-67.02027243589744
67.36458333333334,-67.01963141025641
67.36041666666665,-67.0189133986928
67.35949074074072,-67.01875
67.35624999999999,-67.01828703703703
67.35208333333333,-67.0176917989418
67.34791666666666,-67.01709656084657
67.34375,-67.01643518518519
67.33958333333334,-67.01574453551913
67.33541666666667,-67.01506147540984
67.33249999999998,-67.01458333333333
67.33124999999998,-67.01441666666668
67.32708333333332,-67.01380555555556
67.32291666666666,-67.01317567567568
67.31875,-67.01252853881279
67.31458333333333,-67.01180555555555
67.31041666666667,-67.01107142857143
67.30689102564102,-67.01041666666667
67.30625,-67.01031504065041
67.30208333333334,-67.00953125000001
67.29791666666665,-67.00865384615383
67.29374999999999,-67.00771396396397
67.28958333333333,-67.00666666666666
67.28804824561402,-67.00625
67.28541666666666,-67.00558333333332
67.28125,-67.0044894366197
67.27708333333334,-67.0032475490196
67.27312500000001,-67.00208333333333
67.27291666666667,-67.00201923076924
67.26874999999998,-67.00073717948717
67.26458333333332,-66.99947916666667
67.26041666666666,-66.99825268817204
67.25925925925925,-66.99791666666667
67.25625,-66.99698275862069
67.25208333333333,-66.99568452380953
67.24791666666667,-66.99441964285715
67.24571078431373,-66.99375
67.24375,-66.99305555555556
67.23958333333334,-66.99162234042552
67.23541666666665,-66.99020390070922
67.2334722222222,-66.98958333333333
67.23124999999999,-66.98875000000001
67.22708333333333,-66.98724593495935
67.22291666666666,-66.98592479674797
67.22131410256411,-66.98541666666667
67.21875,-66.98449074074074
67.21458333333334,-66.9830518018018
67.21041666666667,-66.98171296296297
67.20890151515151,-66.98125
67.20624999999998,-66.98043981481482
67.20208333333332,-66.97922619047618
67.19791666666666,-66.97794117647058
67.195,-66.97708333333333
67.19375,-66.97672619047619
67.18958333333333,-66.97549019607843
67.18541666666667,-66.97417929292929
67.1816287878788,-66.97291666666666
67.18124999999999,-66.97279411764706
67.17708333333334,-66.97140151515151
67.17291666666665,-66.969921875
67.16950757575756,-66.96875
67.16874999999999,-66.9684811827957
67.16458333333333,-66.96700268817204
67.16041666666666,-66.96544540229885
67.15814393939394,-66.96458333333334
67.15625,-66.96383928571429
67.15208333333334,-66.96228448275863
67.14791666666667,-66.9608630952381
67.14666666666668,-66.96041666666667
67.14374999999998,-66.95929487179488
67.13958333333332,-66.9576923076923
67.13541666666666,-66.95625
67.13541666666666,-66.95625
67.13125,-66.95474999999999
67.12708333333333,-66.95341666666667
67.12337962962962,-66.95208333333333
67.12291666666667,-66.95189393939394
67.11875,-66.9501893939394
67.11458333333334,-66.94864130434783
67.11273148148148,-66.94791666666667
67.11041666666665,-66.94675925925927
67.10624999999999,-66.94473039215686
67.10439814814814,-66.94375
67.10208333333333,-66.94236111111111
67.09791666666666,-66.93988095238095
67.09739583333334,-66.93958333333333
67.09375,-66.93715277777778
67.09114583333334,-66.93541666666667
67.08958333333334,-66.93416666666667
67.08541666666667,-66.93125
67.08541666666667,-66.93125
67.08124999999998,-66.92833333333334
67.07916666666665,-66.92708333333333
67.07708333333332,-66.92619047619047
67.07291666666666,-66.92440476190475
67.06875,-66.92291666666667
67.06875,-66.92291666666667
67.06458333333333,-66.9218201754386
67.06041666666667,-66.92072368421053
67.05625,-66.91967592592593
67.05208333333334,-66.91875
67.05208333333334,-66.91875
67.04791666666665,-66.91813271604939
67.04374999999999,-66.91751543209877
67.03958333333333,-66.9170524691358
67.03541666666666,-66.91658950617284
67.03125,-66.9161858974359
67.02708333333334,-66.91581790123456
67.02291666666667,-66.91547619047618
67.01874999999998,-66.91517857142856
67.01458333333332,-66.91487068965516
67.01180555555555,-66.91458333333333
67.01041666666667,-66.91447072072071
67.00625,-66.91423611111111
67.00208333333333,-66.91390765765765
66.99791666666667,-66.91368243243242
66.99375,-66.91337719298245
66.98958333333334,-66.91304824561402
66.98541666666665,-66.91276709401708
66.98124999999999,-66.91244658119658
66.97708333333333,-66.91218749999999
66.97291666666666,-66.911875
66.96875,-66.91173780487804
66.96458333333334,-66.91153455284552
66.96041666666667,-66.91138565891472
66.95624999999998,-66.91126893939393
66.95208333333332,-66.91109496124031
66.94791666666666,-66.91106481481481
66.94375,-66.91106481481481
66.93958333333333,-66.9111574074074
66.93541666666667,-66.9113224637681
66.93125,-66.91159420289856
66.92708333333334,-66.91201241134752
66.92291666666665,-66.91245567375886
66.91874999999999,-66.91310763888887
66.91458333333333,-66.91381802721088
66.91117424242424,-66.91458333333333
66.91041666666666,-66.91476851851851
66.90625,-66.91573581560283
66.90208333333334,-66.91670918367348
66.89791666666667,-66.91766666666666
66.8940476190476,-66.91875
66.89374999999998,-66.91885416666668
66.88958333333332,-66.92049418604651
66.88541666666666,-66.92201086956523
66.88244047619047,-66.92291666666667
66.88125,-66.92333333333333
66.87708333333333,-66.9248106060606
66.87291666666667,-66.9260195035461
66.86875,-66.92699999999999
66.86837121212122,-66.92708333333333
66.86458333333334,-66.92796985815602
66.86041666666665,-66.92878401360544
66.85624999999999,-66.9295493197279
66.85208333333333,-66.93016666666666
66.84791666666666,-66.93075980392157
66.84434523809524,-66.93125
66.84375,-66.93133865248228
66.83958333333334,-66.93178191489362
66.83541666666667,-66.93215579710144
66.83124999999998,-66.93249113475177
66.82708333333332,-66.93272569444446
66.82291666666666,-66.9328656462585
66.81875,-66.93298611111112
66.81458333333333,-66.93307291666667
66.81041666666667,-66.93320035460994
66.80625,-66.9332427536232
66.80208333333334,-66.93328703703705
66.79791666666665,-66.93328488372094
66.79374999999999,-66.93313492063493
66.78958333333333,-66.9328125
66.78541666666666,-66.93242521367522
66.78125,-66.93181306306307
66.77827380952381,-66.93125
66.77708333333334,-66.93098958333334
66.77291666666667,-66.92986111111112
66.76874999999998,-66.9283764367816
66.76562499999999,-66.92708333333333
66.76458333333332,-66.9265625
66.76041666666666,-66.92405303030303
66.75849358974358,-66.92291666666667
66.75625,-66.92145833333333
66.7526388888889,-66.91875
66.75208333333333,-66.91833333333334
66.74791666666667,-66.91527777777777
66.74708333333334,-66.91458333333333
66.74375,-66.91145833333333
66.74270833333334,-66.91041666666666
66.73958333333334,-66.90729166666667
66.73860294117648,-66.90625
66.73541666666665,-66.90263888888889
66.73492647058822,-66.90208333333334
66.73124999999999,-66.89791666666667
66.73124999999999,-66.89791666666667
66.72708333333333,-66.89375
66.72708333333333,-66.89375
66.72291666666666,-66.89024122807018
66.72213541666666,-66.88958333333333
66.71875,-66.88657407407408
66.71744791666667,-66.88541666666667
66.71458333333334,-66.88333333333333
66.71152777777779,-66.88125
66.71041666666667,-66.88060897435896
66.70624999999998,-66.87831790123457
66.70368589743589,-66.87708333333333
66.70208333333332,-66.87631172839507
66.69791666666666,-66.87458333333333
66.69375,-66.87317708333333
66.69299242424242,-66.87291666666667
66.68958333333333,-66.8718137254902
66.68541666666667,-66.87066441441442
66.68125,-66.86962719298246
66.6782196969697,-66.86875
66.67708333333334,-66.86842105263158
66.67291666666665,-66.86739864864865
66.66874999999999,-66.86672008547008
66.66458333333333,-66.86626984126984
66.66041666666666,-66.8657738095238
66.65625,-66.86510416666667
66.65208333333334,-66.86458333333333
66.65208333333334,-66.86458333333333
66.64791666666667,-66.8641447368421
66.64374999999998,-66.86383547008546
66.63958333333332,-66.86359649122807
66.63541666666666,-66.86337719298245
66.63125,-66.86319444444445
66.62708333333333,-66.8630787037037
66.62291666666667,-66.86291666666666
66.61875,-66.86279761904761
66.61458333333334,-66.86281565656564
66.61041666666665,-66.86263020833333
66.60624999999999,-66.86256720430107
66.60208333333333,-66.86243279569892
66.59791666666666,-66.86222222222221
66.59375,-66.86208333333333
66.58958333333334,-66.86170977011494
66.58541666666667,-66.86130952380952
66.58124999999998,-66.86073717948717
66.57916666666665,-66.86041666666667
66.57708333333332,-66.86008333333334
66.57291666666666,-66.85920138888889
66.56875,-66.8580615942029
66.56458333333333,-66.85681818181818
66.56302083333333,-66.85625
66.56041666666667,-66.85520833333334
66.55625,-66.85324074074074
66.55435606060607,-66.85208333333333
66.55208333333334,-66.85052083333332
66.54887820512819,-66.84791666666666
66.54791666666665,-66.84695512820512
66.54494047619046,-66.84375
66.54374999999999,-66.84208333333333
66.54208333333332,-66.83958333333334
66.53958333333333,-66.83617424242425
66.53902777777776,-66.83541666666667
66.53567708333333,-66.83125
66.53541666666666,-66.83098958333333
66.53174019607843,-66.82708333333333
66.53125,-66.82430555555555
66.53090277777778,-66.82291666666667
66.52760416666666,-66.81875
66.52708333333334,-66.81842948717949
66.52291666666667,-66.81586538461538
66.52083333333333,-66.81458333333333
66.51874999999998,-66.8133487654321
66.51458333333332,-66.81111111111112
66.51309523809522,-66.81041666666667
66.51041666666666,-66.80871212121212
66.50654761904761,-66.80625
66.50625,-66.80608333333333
66.50208333333333,-66.80399305555555
66.49826388888889,-66.80208333333333
66.49791666666667,-66.80196078431372
66.49375,-66.80056818181818
66.48958333333334,-66.79921875
66.48541666666665,-66.79791666666667
66.48541666666665,-66.79791666666667
66.48124999999999,-66.79684829059829
66.47708333333333,-66.79588675213674
66.47291666666666,-66.79487612612613
66.46875,-66.79386574074074
66.46815476190477,-66.79375
66.46458333333334,-66.7932783018868
66.46041666666667,-66.79297839506174
66.45624999999998,-66.79282407407408
66.45208333333332,-66.79276515151516
66.44791666666666,-66.79276515151516
66.44375,-66.79282407407408
66.43958333333333,-66.79294871794872
66.43541666666667,-66.79290123456789
66.43125,-66.79281609195402
66.42708333333334,-66.79290254237289
66.42291666666665,-66.79324712643678
66.41874999999999,-66.79360875706215
66.41708333333332,-66.79375
66.41458333333333,-66.79406250000001
66.41041666666666,-66.79481589147287
66.40625,-66.79560185185186
66.40208333333334,-66.79628623188407
66.39791666666667,-66.79706632653061
66.39374999999998,-66.79776234567902
66.39270833333332,-66.79791666666667
66.38958333333332,-66.7984375
66.38541666666666,-66.79902210884353
66.38125,-66.79955065359476
66.37708333333333,-66.80008012820511
66.37291666666667,-66.80061728395061
66.36875,-66.80120614035087
66.36458333333334,-66.80180555555555
66.36273148148148,-66.80208333333333
66.36041666666665,-66.80252659574468
66.35624999999999,-66.8032986111111
66.35208333333333,-66.804
66.34791666666666,-66.80464743589744
66.34375,-66.80522798742139
66.33958333333334,-66.805856918239
66.33611111111112,-66.80625
66.33541666666667,-66.8063446969697
66.33124999999998,-66.80681818181819
66.32708333333332,-66.80726851851853
66.32291666666666,-66.80760869565218
66.31875,-66.80788043478262
66.31458333333333,-66.80802304964539
66.31041666666667,-66.80815972222223
66.30625,-66.80820578231294
66.30208333333334,-66.80820578231294
66.29791666666665,-66.80812074829933
66.29374999999999,-66.80803571428572
66.28958333333333,-66.80789930555557
66.28541666666666,-66.80775709219859
66.28125,-66.80760869565218
66.27708333333334,-66.80742753623188
66.27291666666667,-66.80726851851853
66.26874999999998,-66.80710227272728
66.26458333333332,-66.80683139534885
66.26041666666666,-66.80664682539684
66.25625,-66.80625
66.25625,-66.80625
66.25208333333333,-66.80596590909092
66.24791666666667,-66.80566860465117
66.24375,-66.80537790697674
66.23958333333334,-66.80518410852713
66.23541666666665,-66.80505952380953
66.23124999999999,-66.80505952380953
66.22708333333333,-66.80511363636364
66.22291666666666,-66.80525362318842
66.21875,-66.80546875
66.21458333333334,-66.80566666666667
66.21041666666667,-66.8059232026144
66.20624999999998,-66.80625
66.20624999999998,-66.80625
66.20208333333332,-66.8065340909091
66.19791666666666,-66.80680555555556
66.19375,-66.80706521739131
66.18958333333333,-66.8072463768116
66.18541666666667,-66.80751811594203
66.18125,-66.8078125
66.17708333333334,-66.80812074829933
66.17291666666665,-66.80841666666666
66.16874999999999,-66.80875
66.16458333333333,-66.80916666666667
66.16041666666666,-66.80959967320261
66.15625,-66.81008333333334
66.15347222222223,-66.81041666666667
66.15208333333334,-66.81061507936508
66.14791666666667,-66.81138565891473
66.14374999999998,-66.81220238095239
66.13958333333332,-66.81309523809523
66.13541666666666,-66.81417682926829
66.13402777777777,-66.81458333333333
66.13125,-66.81569444444443
66.12708333333333,-66.81760057471264
66.12486111111112,-66.81875
66.12291666666667,-66.82037037037037
66.12037037037038,-66.82291666666667
66.11875,-66.82615740740741
66.11835317460319,-66.82708333333333
66.11780303030304,-66.83125
66.11784420289855,-66.83541666666667
66.11875,-66.83839285714286
66.11911231884059,-66.83958333333334
66.1217013888889,-66.84375
66.12291666666667,-66.84546568627451
66.1248106060606,-66.84791666666666
66.12708333333333,-66.85208333333333
66.12708333333333,-66.85208333333333
66.12777777777778,-66.85625
66.12708333333333,-66.85763888888889
66.12561274509804,-66.86041666666667
66.12291666666667,-66.86328125
66.12152777777779,-66.86458333333334
66.11875,-66.86647727272728
66.11541666666668,-66.86875
66.11458333333334,-66.86919642857143
66.11041666666665,-66.87125
66.10684523809523,-66.87291666666667
66.10624999999999,-66.87314814814815
66.10208333333333,-66.87462606837607
66.09791666666666,-66.87589285714286
66.09375,-66.87689814814816
66.09299242424242,-66.87708333333333
66.08958333333334,-66.87783333333333
66.08541666666667,-66.87863562091502
66.08124999999998,-66.87939814814814
66.07708333333332,-66.88008040935672
66.07291666666666,-66.88068502824859
66.06875,-66.88125
66.06875,-66.88125
66.06458333333333,-66.88177083333332
66.06041666666667,-66.88227339181286
66.05625,-66.8827850877193
66.05208333333334,-66.88318965517242
66.04791666666665,-66.88354885057471
66.04374999999999,-66.88386299435028
66.03958333333333,-66.88409722222222
66.03541666666666,-66.88423611111112
66.03125,-66.88432377049179
66.02708333333334,-66.88432377049179
66.02291666666667,-66.88427419354839
66.01874999999998,-66.88427419354839
66.01458333333332,-66.88413978494624
66.01041666666666,-66.88400537634409
66.00625,-66.88380376344087
66.00208333333333,-66.8835648148148
65.99791666666667,-66.88333333333333
65.99375,-66.88302595628414
65.98958333333334,-66.8826844262295
65.98541666666665,-66.88230932203389
65.98124999999999,-66.88189655172414
65.97708333333333,-66.88146551724137
65.97529761904761,-66.88125
65.97291666666666,-66.88098544973545
65.96875,-66.88051075268817
65.96458333333334,-66.88
65.96041666666667,-66.87941384180792
65.95624999999998,-66.87880747126437
65.95208333333332,-66.8781798245614
65.94791666666666,-66.87752976190477
65.94541666666666,-66.87708333333333
65.94375,-66.87680555555556
65.93958333333333,-66.87614942528735
65.93541666666667,-66.87537202380952
65.93125,-66.87461419753086
65.92708333333334,-66.87378144654087
65.92326388888887,-66.87291666666667
65.92291666666665,-66.87284090909091
65.91874999999999,-66.87197327044026
65.91458333333333,-66.87099358974359
65.91041666666666,-66.87
65.90625,-66.86892361111111
65.90560897435897,-66.86875
65.90208333333334,-66.86785130718955
65.89791666666667,-66.86675347222221
65.89374999999998,-66.86557971014493
65.89047619047618,-66.86458333333333
65.88958333333332,-66.86430555555555
65.88541666666666,-66.86293604651162
65.88125,-66.86143292682927
65.87847222222223,-66.86041666666667
65.87708333333333,-66.85993217054263
65.87291666666667,-66.85833333333333
65.86875,-66.85668859649122
65.86770833333334,-66.85625
65.86458333333334,-66.85505952380953
65.86041666666665,-66.85339912280702
65.85747549019607,-66.85208333333333
65.85624999999999,-66.8515873015873
65.85208333333333,-66.84967105263158
65.84857456140351,-66.84791666666666
65.84791666666666,-66.84763257575757
65.84375,-66.8457825203252
65.83958333333334,-66.8438596491228
65.83932291666667,-66.84375
65.83541666666667,-66.84247448979592
65.83124999999998,-66.84128401360545
65.82708333333332,-66.84026360544217
65.82374999999999,-66.83958333333334
65.82291666666666,-66.83945512820513
65.81875,-66.8390236318408
65.81458333333333,-66.8386994949495
65.81041666666667,-66.83840174129354
65.80625,-66.83819444444445
65.80208333333334,-66.83798076923078
65.79791666666665,-66.83776041666667
65.79374999999999,-66.83756720430108
65.78958333333333,-66.83736111111112
65.78541666666666,-66.83709795321639
65.78125,-66.83683035714286
65.77708333333334,-66.83649691358025
65.77291666666667,-66.83613782051283
65.76874999999998,-66.8357434640523
65.76541666666665,-66.83541666666667
65.76458333333332,-66.83535256410258
65.76041666666666,-66.83508597883599
65.75625,-66.834811827957
65.75208333333333,-66.83459699453553
65.74791666666667,-66.83439207650274
65.74375,-66.83425546448088
65.73958333333334,-66.83418715846994
65.73541666666665,-66.83418715846994
65.73124999999999,-66.83425546448088
65.72708333333333,-66.83434139784947
65.72291666666666,-66.8345430107527
65.71875,-66.83468915343916
65.71458333333334,-66.83483072916667
65.71041666666667,-66.83503205128206
65.70624999999998,-66.83516025641026
65.70208333333332,-66.83529040404042
65.69791666666666,-66.83541666666667
65.69791666666666,-66.83541666666667
65.69375,-66.8355628654971
65.68958333333333,-66.83563596491229
65.68541666666667,-66.83563596491229
65.68125,-66.83563596491229
65.67708333333334,-66.83563596491229
65.67291666666665,-66.83563218390805
65.66874999999999,-66.83563218390805
65.66458333333333,-66.83563218390805
65.66041666666666,-66.83562853107345
65.65625,-66.83555790960453
65.65208333333334,-66.8354872881356
65.64791666666667,-66.83541666666667
65.64791666666667,-66.83541666666667
65.64374999999998,-66.83535539215687
65.63958333333332,-66.83523284313726
65.63541666666666,-66.83511029411765
65.63125,-66.83498774509805
65.62708333333333,-66.83486519607844
65.62291666666667,-66.83475241545894
65.61875,-66.83458333333334
65.61458333333334,-66.83446428571429
65.61041666666665,-66.83432971014493
65.60624999999999,-66.83414855072465
65.60208333333333,-66.83402777777778
65.59791666666666,-66.83390700483092
65.59375,-66.83372584541064
65.58958333333334,-66.83357843137254
65.58541666666667,-66.83339460784313
65.58124999999998,-66.83324004975125
65.57708333333332,-66.83308823529411
65.57291666666666,-66.83292910447761
65.56875,-66.83276515151515
65.56458333333333,-66.8326171875
65.56041666666667,-66.83248697916667
65.55625,-66.8323082010582
65.55208333333334,-66.83217592592592
65.54791666666665,-66.83204365079365
65.54374999999999,-66.83190104166667
65.53958333333333,-66.83177083333334
65.53541666666666,-66.83163461538462
65.53125,-66.8314987562189
65.52708333333334,-66.83131218905473
65.525,-66.83125
65.52291666666667,-66.83119047619047
65.51874999999998,-66.83101525821596
65.51458333333332,-66.83089788732394
65.51041666666666,-66.83072916666666
65.50625,-66.83056506849314
65.50208333333333,-66.8304054054054
65.49791666666667,-66.83025
65.49375,-66.83009868421053
65.48958333333334,-66.82993421052632
65.48541666666665,-66.82978896103896
65.48124999999999,-66.82964743589744
65.47708333333333,-66.82950949367088
65.47291666666666,-66.82940400843881
65.46875,-66.82929852320675
65.46458333333334,-66.82924578059071
65.46041666666667,-66.82916666666667
65.45624999999998,-66.82903138528138
65.45208333333332,-66.82894736842105
65.44791666666666,-66.82880555555556
65.44375,-66.82871621621621
65.43958333333333,-66.82858796296296
65.43541666666667,-66.82849178403755
65.43125,-66.8284118357488
65.42708333333334,-66.82826492537313
65.42291666666665,-66.82815656565657
65.41874999999999,-66.82805989583333
65.41458333333333,-66.82800925925926
65.41041666666666,-66.82791666666667
65.40625,-66.82786016949153
65.40208333333334,-66.82780172413793
65.39791666666667,-66.82772988505748
65.39374999999998,-66.82766812865496
65.38958333333332,-66.82752976190477
65.38541666666666,-66.82738095238095
65.38125,-66.82723484848485
65.37847222222223,-66.82708333333333
65.37708333333335,-66.8270171957672
65.37291666666667,-66.82681878306879
65.36875,-66.82655423280424
65.36458333333334,-66.82623697916667
65.36041666666665,-66.82592948717948
65.35624999999999,-66.82567307692308
65.35208333333333,-66.82537878787879
65.34791666666666,-66.8250612745098
65.34375,-66.824788647343
65.33958333333334,-66.82448671497585
65.33541666666667,-66.8242261904762
65.33124999999998,-66.82392857142858
65.32708333333332,-66.82362089201878
65.32291666666666,-66.82332746478873
65.31875,-66.82303240740741
65.31708333333333,-66.82291666666667
65.31458333333333,-66.82276041666667
65.31041666666667,-66.8225
65.30625,-66.82224794238684
65.30208333333334,-66.82200203252033
65.29791666666665,-66.82183641975308
65.29374999999999,-66.82169715447154
65.28958333333333,-66.82156124497992
65.28541666666666,-66.8215110441767
65.28125,-66.82154471544715
65.27708333333334,-66.82159552845528
65.27291666666667,-66.82163065843622
65.26874999999998,-66.82171875
65.26458333333332,-66.82180907172996
65.26041666666666,-66.8218482905983
65.25625,-66.82188852813853
65.25208333333333,-66.82188852813853
65.24791666666667,-66.82183441558442
65.24375,-66.8217261904762
65.23958333333334,-66.8215811965812
65.23541666666665,-66.8214015151515
65.23124999999999,-66.82117616033756
65.22708333333333,-66.8209375
65.22291666666666,-66.82070473251028
65.21875,-66.82044753086419
65.21458333333334,-66.82025602409638
65.21041666666667,-66.82003968253967
65.20624999999998,-66.81987745098039
65.20208333333332,-66.81973039215686
65.19791666666666,-66.81962209302324
65.19375,-66.81953431372548
65.18958333333333,-66.81948529411764
65.18541666666667,-66.81952519379846
65.18125,-66.81958333333333
65.17708333333334,-66.81974206349206
65.17291666666665,-66.81990461847388
65.16874999999999,-66.82017276422764
65.16458333333333,-66.82043776371307
65.16041666666666,-66.82072649572649
65.15625,-66.82105263157894
65.15208333333334,-66.82141666666666
65.14791666666667,-66.82173423423424
65.14374999999998,-66.82206050228311
65.13958333333332,-66.8222972972973
65.13541666666666,-66.82257882882882
65.13125,-66.82280555555558
65.12916666666666,-66.82291666666667
65.12708333333333,-66.82303082191781
65.12291666666667,-66.8231981981982
65.11875,-66.82336711711713
65.11458333333334,-66.82352777777778
65.11041666666665,-66.82369444444444
65.10624999999999,-66.82386111111111
65.10208333333333,-66.82406798245614
65.09791666666666,-66.82426948051949
65.09375,-66.82451923076923
65.08958333333334,-66.82486814345992
65.08541666666667,-66.82520833333334
65.08124999999998,-66.825591563786
65.07708333333332,-66.82605452674898
65.07291666666666,-66.82651748971193
65.06875,-66.82698170731707
65.06782407407407,-66.82708333333333
65.06458333333333,-66.82746710526317
65.06041666666667,-66.82794913419913
65.05625,-66.82840189873417
65.05208333333334,-66.82885416666667
65.04791666666665,-66.82926829268293
65.04374999999999,-66.82959337349398
65.03958333333333,-66.82992647058823
65.03541666666666,-66.83026960784314
65.03125,-66.83057170542635
65.02708333333334,-66.83095930232558
65.02351190476192,-66.83125
65.02291666666667,-66.83130208333333
65.01874999999998,-66.83171875000001
65.01458333333332,-66.83213541666666
65.01041666666666,-66.83262130801688
65.00625,-66.83309599156118
65.00208333333333,-66.83362341772153
64.99791666666667,-66.83420358649789
64.99375,-66.83478375527426
64.98958333333334,-66.83541666666667
64.98958333333334,-66.83541666666667
64.98541666666665,-66.83609234234235
64.98124999999999,-66.83675000000001
64.97708333333333,-66.83741666666667
64.97291666666666,-66.83808333333334
64.96875,-66.83881578947368
64.96458333333334,-66.83952922077923
64.96428571428572,-66.83958333333334
64.96041666666667,-66.84033564814816
64.95624999999998,-66.84118150684932
64.95208333333332,-66.84207175925926
64.94791666666666,-66.842950913242
64.94427083333332,-66.84375
64.94375,-66.8438782051282
64.93958333333333,-66.84494949494949
64.93541666666667,-66.84598880597015
64.93125,-66.84698383084577
64.92734375,-66.84791666666666
64.92708333333334,-66.8479861111111
64.92291666666665,-66.84912634408602
64.91874999999999,-66.85020161290322
64.91458333333333,-66.85122354497355
64.91097222222221,-66.85208333333333
64.91041666666666,-66.85222222222222
64.90625,-66.8531762295082
64.90208333333334,-66.85416666666666
64.89791666666667,-66.855078125
64.89374999999998,-66.8560546875
64.89285714285712,-66.85625
64.88958333333332,-66.85698924731183
64.88541666666666,-66.85794270833333
64.88125,-66.85881410256411
64.87708333333333,-66.85972222222223
64.87380952380953,-66.86041666666667
64.87291666666667,-66.86062158469946
64.86875,-66.86157786885246
64.86458333333334,-66.86256720430107
64.86041666666665,-66.86350806451613
64.85624999999999,-66.864453125
64.85572916666666,-66.86458333333333
64.85208333333333,-66.8656067251462
64.84791666666666,-66.86674107142858
64.84375,-66.86794590643275
64.84088541666667,-66.86875
64.83958333333334,-66.86915064102564
64.83541666666667,-66.87051282051283
64.83124999999998,-66.87189465408807
64.82824074074072,-66.87291666666667
64.82708333333332,-66.87336956521739
64.82291666666666,-66.8751329787234
64.81875,-66.87699829931972
64.8185688405797,-66.87708333333333
64.81458333333333,-66.87931910569105
64.81128472222223,-66.88125
64.81041666666667,-66.88190104166667
64.80625,-66.88503787878788
64.80576923076923,-66.88541666666667
64.80208333333334,-66.88910256410256
64.80158333333334,-66.88958333333333
64.79791666666665,-66.89375
64.79791666666665,-66.89375
64.79393939393938,-66.89791666666667
64.79374999999999,-66.89816176470589
64.79057539682539,-66.90208333333334
64.78958333333333,-66.90357142857142
64.7876096491228,-66.90625
64.78541666666666,-66.90945512820512
64.78472222222223,-66.91041666666666
64.78125,-66.91432291666666
64.78098958333334,-66.91458333333333
64.77708333333334,-66.91825980392157
64.77652777777779,-66.91875
64.77291666666667,-66.92175925925926
64.77142857142857,-66.92291666666667
64.76874999999998,-66.92489035087719
64.76554487179486,-66.92708333333333
64.76458333333332,-66.92777777777778
64.76041666666666,-66.93059210526316
64.75937499999999,-66.93125
64.75625,-66.933125
64.75243055555555,-66.93541666666667
64.75208333333333,-66.93561507936508
64.74791666666667,-66.93787878787879
64.74479166666667,-66.93958333333333
64.74375,-66.9401268115942
64.73958333333334,-66.9421875
64.73645833333333,-66.94375
64.73541666666665,-66.94431818181818
64.73124999999999,-66.94646739130435
64.72791666666666,-66.94791666666667
64.72708333333333,-66.94827898550724
64.72291666666666,-66.95017361111113
64.71875,-66.9517361111111
64.71770833333333,-66.95208333333333
64.71458333333334,-66.953125
64.71041666666667,-66.95425
64.70624999999998,-66.95525
64.70208333333332,-66.95607638888889
64.69999999999999,-66.95625
64.69791666666666,-66.95641666666666
64.69375,-66.95641666666666
64.68958333333333,-66.95625
64.68958333333333,-66.95625
64.68541666666667,-66.95537280701754
64.68125,-66.95370370370371
64.6785984848485,-66.95208333333333
64.67708333333334,-66.95097222222223
64.67421875,-66.94791666666667
64.67291666666665,-66.94669117647058
64.67013888888889,-66.94375
64.66874999999999,-66.9425
64.66550925925925,-66.93958333333333
64.66458333333333,-66.93882575757576
64.66041666666666,-66.93559782608696
64.66018518518518,-66.93541666666667
64.65625,-66.93246527777778
64.65479166666667,-66.93125
64.65208333333334,-66.92824074074073
64.65117753623188,-66.92708333333333
64.64791666666667,-66.92291666666667
64.64791666666667,-66.92291666666667
64.64469696969695,-66.91875
64.64374999999998,-66.91784420289855
64.63999999999999,-66.91458333333333
64.63958333333332,-66.91432291666666
64.63541666666666,-66.91233108108108
64.63125,-66.91092479674796
64.62916666666666,-66.91041666666666
64.62708333333333,-66.91001602564103
64.62291666666667,-66.9094494047619
64.61875,-66.90900423728813
64.61458333333334,-66.90863095238095
64.61041666666665,-66.90830128205128
64.60624999999999,-66.90799129353233
64.60208333333333,-66.90759803921569
64.59791666666666,-66.90720238095238
64.59375,-66.90667270531401
64.59050925925926,-66.90625
64.58958333333334,-66.90613095238095
64.58541666666667,-66.90548708920187
64.58124999999998,-66.90486111111112
64.57708333333332,-66.90425469483569
64.57291666666666,-66.90363095238095
64.56875,-66.90303571428572
64.56458333333333,-66.90238970588236
64.5626893939394,-66.90208333333334
64.56041666666667,-66.90170454545455
64.55625,-66.9009765625
64.55208333333334,-66.90020161290323
64.54791666666665,-66.89925847457627
64.54374999999999,-66.89821428571429
64.54263888888889,-66.89791666666667
64.53958333333333,-66.897
64.53541666666666,-66.89557291666667
64.53125,-66.89393115942029
64.53078703703704,-66.89375
64.52708333333334,-66.8920405982906
64.52291666666667,-66.89002192982456
64.52203947368422,-66.88958333333333
64.51874999999998,-66.88774509803922
64.51458333333332,-66.88565476190476
64.51409313725489,-66.88541666666667
64.51041666666666,-66.88346354166667
64.50625,-66.88125
64.50625,-66.88125
64.50208333333333,-66.8792297979798
64.49791666666667,-66.87708333333333
64.49791666666667,-66.87708333333333
64.49375,-66.87537393162393
64.48958333333334,-66.87357456140352
64.48791666666666,-66.87291666666667
64.48541666666665,-66.87204457364341
64.48124999999999,-66.87059108527131
64.47708333333333,-66.86931818181819
64.47516025641025,-66.86875
64.47291666666666,-66.86814236111111
64.46875,-66.8671343537415
64.46458333333334,-66.86611394557823
64.46041666666667,-66.86517857142857
64.45749999999998,-66.86458333333333
64.45624999999998,-66.86433823529411
64.45208333333332,-66.86343954248366
64.44791666666666,-66.86258333333333
64.44375,-66.86163194444444
64.43958333333333,-66.86068262411348
64.43854166666667,-66.86041666666667
64.43541666666667,-66.85963541666666
64.43125,-66.8586956521739
64.42708333333334,-66.85767045454546
64.42291666666665,-66.85674603174604
64.42102272727271,-66.85625
64.41874999999999,-66.85559210526316
64.41458333333333,-66.85446428571429
64.41041666666666,-66.8531862745098
64.40700757575758,-66.85208333333333
64.40625,-66.85180555555554
64.40208333333334,-66.85023148148147
64.39791666666667,-66.84841666666667
64.396875,-66.84791666666666
64.39374999999998,-66.84613095238095
64.38990384615384,-66.84375
64.38958333333332,-66.84353070175439
64.38541666666666,-66.84027777777779
64.3845238095238,-66.83958333333334
64.38125,-66.83688725490197
64.37932692307692,-66.83541666666667
64.37708333333333,-66.83370098039217
64.37329545454546,-66.83125
64.37291666666667,-66.83105158730159
64.36875,-66.82906746031746
64.36458333333334,-66.82727272727273
64.36412037037037,-66.82708333333333
64.36041666666665,-66.82580128205129
64.35624999999999,-66.82461419753086
64.35208333333333,-66.82353395061729
64.34930555555556,-66.82291666666669
64.34791666666666,-66.82266414141415
64.34375,-66.82203282828283
64.33958333333334,-66.82144607843136
64.33541666666667,-66.82089285714287
64.33124999999998,-66.82041666666666
64.32708333333332,-66.82005952380952
64.32291666666666,-66.81979166666666
64.31875,-66.81953828828829
64.31458333333333,-66.81931306306306
64.31041666666667,-66.81918859649122
64.30625,-66.81907894736841
64.30208333333334,-66.8190705128205
64.29791666666665,-66.8190705128205
64.29374999999999,-66.81916666666666
64.28958333333333,-66.81927083333332
64.28541666666666,-66.81956300813007
64.28125,-66.81986788617886
64.27708333333334,-66.8203373015873
64.27291666666667,-66.82088178294575
64.26874999999998,-66.82152777777779
64.26458333333332,-66.82230691056911
64.26180555555555,-66.82291666666667
64.26041666666666,-66.8232545045045
64.25625,-66.82426801801802
64.25208333333333,-66.82528153153153
64.24791666666667,-66.82629504504504
64.24467592592593,-66.82708333333333
64.24375,-66.82730855855856
64.23958333333334,-66.82825854700855
64.23541666666665,-66.8290625
64.23124999999999,-66.8296875
64.22708333333333,-66.83018162393162
64.22291666666666,-66.83050213675213
64.21875,-66.83064024390244
64.21458333333334,-66.83065476190477
64.21041666666667,-66.83066860465117
64.20624999999998,-66.83057170542635
64.20208333333332,-66.83039772727273
64.19791666666666,-66.83011363636363
64.19375,-66.82973484848485
64.18958333333333,-66.82926587301587
64.18541666666667,-66.82867063492063
64.18125,-66.82791666666667
64.1775462962963,-66.82708333333333
64.17708333333334,-66.82697368421053
64.17291666666665,-66.82581018518519
64.16874999999999,-66.82421875
64.16597222222222,-66.82291666666669
64.16458333333333,-66.82217261904762
64.16041666666666,-66.81958333333333
64.15919117647059,-66.81875
64.15625,-66.81647727272727
64.15393518518519,-66.81458333333333
64.15208333333334,-66.81273148148148
64.14930555555557,-66.81041666666667
64.14791666666667,-66.8094696969697
64.14374999999998,-66.80681818181819
64.14278846153844,-66.80625
64.13958333333332,-66.80458333333334
64.13541666666666,-66.80258333333333
64.1342803030303,-66.80208333333333
64.13125,-66.80100806451613
64.12708333333333,-66.79952956989247
64.12291666666667,-66.79805107526882
64.12253787878788,-66.79791666666667
64.11875,-66.79684829059829
64.11458333333334,-66.79572368421053
64.11041666666665,-66.7945382882883
64.10749999999999,-66.79375
64.10624999999999,-66.79348404255319
64.10208333333333,-66.79257246376812
64.09791666666666,-66.79171296296295
64.09375,-66.79090909090908
64.08958333333334,-66.79005681818181
64.08726851851853,-66.78958333333333
64.08541666666667,-66.7892431972789
64.08124999999998,-66.7884548611111
64.07708333333332,-66.78759057971014
64.07291666666666,-66.78664772727272
64.06875,-66.78551587301587
64.0683712121212,-66.78541666666666
64.06458333333333,-66.7844696969697
64.06041666666667,-66.7832825203252
64.05625,-66.78208333333333
64.05347222222224,-66.78125
64.05208333333334,-66.78084349593496
64.04791666666665,-66.7796875
64.04374999999999,-66.77847222222222
64.03958333333333,-66.7775106837607
64.0375,-66.77708333333334
64.03541666666666,-66.77668650793652
64.03125,-66.77599206349207
64.02708333333334,-66.77539682539683
64.02291666666667,-66.7748015873016
64.01874999999998,-66.77437015503877
64.01458333333332,-66.77388565891474
64.01041666666666,-66.77357954545455
64.00625,-66.77328703703705
64.00208333333333,-66.77309782608697
63.99791666666667,-66.77300531914894
63.993750000000006,-66.77300347222223
63.98958333333334,-66.77316176470589
63.98541666666665,-66.77331730769231
63.98124999999999,-66.77367424242425
63.977083333333326,-66.77411723163843
63.97291666666666,-66.77466397849463
63.96875,-66.77526041666667
63.96458333333334,-66.77578125
63.960416666666674,-66.77626262626264
63.95624999999998,-66.77682692307692
63.95386904761904,-66.77708333333334
63.95208333333332,-66.77729166666667
63.94791666666666,-66.77763888888889
63.943749999999994,-66.77784722222222
63.93958333333333,-66.77794540229885
63.93541666666667,-66.77782738095239
63.931250000000006,-66.7775462962963
63.92767857142859,-66.77708333333334
63.927083333333336,-66.77700163398693
63.92291666666665,-66.77631802721089
63.91874999999999,-66.77548758865248
63.914583333333326,-66.77439814814815
63.91041666666666,-66.7733042635659
63.90922619047619,-66.77291666666667
63.90625,-66.77187500000001
63.90208333333334,-66.7703947368421
63.897916666666674,-66.76886261261261
63.89761904761905,-66.76875
63.89374999999998,-66.7671568627451
63.88958333333332,-66.76536458333334
63.88802083333333,-66.76458333333333
63.88541666666666,-66.76304012345679
63.88148148148148,-66.76041666666667
63.881249999999994,-66.76024305555556
63.87708333333333,-66.75697463768115
63.876157407407405,-66.75625
63.87291666666667,-66.75371376811594
63.87057291666667,-66.75208333333333
63.86875,-66.75100308641974
63.86458333333334,-66.74892241379311
63.86193181818181,-66.74791666666667
63.860416666666644,-66.74742647058824
63.85624999999999,-66.7462962962963
63.852083333333326,-66.7454391891892
63.84791666666666,-66.74467592592593
63.84375,-66.74408783783784
63.84166666666667,-66.74375
63.83958333333334,-66.7434294871795
63.835416666666674,-66.74298245614035
63.83124999999998,-66.74239864864865
63.82708333333332,-66.74178240740741
63.82291666666666,-66.74113095238096
63.818749999999994,-66.7403409090909
63.81458333333333,-66.73958333333333
63.81458333333333,-66.73958333333333
63.81041666666667,-66.73872549019607
63.806250000000006,-66.73786764705882
63.80208333333334,-66.73705808080808
63.79791666666665,-66.73627450980392
63.79374999999999,-66.73554292929293
63.79305555555555,-66.73541666666667
63.789583333333326,-66.73483796296297
63.78541666666666,-66.73440315315315
63.78125,-66.73406531531532
63.77708333333334,-66.73377192982457
63.772916666666674,-66.73360042735042
63.76874999999998,-66.73349358974359
63.76458333333332,-66.7334375
63.76041666666666,-66.73349358974359
63.756249999999994,-66.73349358974359
63.752083333333324,-66.73355263157895
63.74791666666667,-66.73368055555555
63.743750000000006,-66.73370098039216
63.73958333333334,-66.73372395833333
63.73541666666665,-66.73375
63.73124999999999,-66.73363095238095
63.727083333333326,-66.73358333333334
63.72291666666666,-66.73342391304348
63.71875,-66.733125
63.71458333333334,-66.7327205882353
63.710416666666674,-66.73244047619048
63.70624999999998,-66.73162878787879
63.70208333333332,-66.73125
63.69791666666666,-66.73125
63.693749999999994,-66.73177083333334
63.68958333333333,-66.73303571428572
63.68541666666667,-66.73482142857144
63.684027777777786,-66.73541666666668
63.681250000000006,-66.73660714285714
63.67708333333334,-66.73773148148149
63.67291666666665,-66.7386574074074
63.66874999999999,-66.73882575757575
63.664583333333326,-66.73862179487179
63.66041666666666,-66.73819444444445
63.65625,-66.73773148148149
63.65208333333334,-66.73717105263157
63.647916666666674,-66.73660714285714
63.64374999999998,-66.73611111111111
63.63958333333332,-66.73558333333334
63.63749999999999,-66.73541666666667
63.63541666666666,-66.73526785714284
63.631249999999994,-66.735
63.62708333333333,-66.734765625
63.62291666666667,-66.73455882352941
63.618750000000006,-66.734375
63.61458333333334,-66.73421052631579
63.61041666666665,-66.73406250000001
63.60624999999999,-66.73389227642276
63.602083333333326,-66.73373015873017
63.597916666666656,-66.73361742424242
63.59375,-66.73342803030303
63.58958333333334,-66.73337962962962
63.585416666666674,-66.73328703703704
63.58124999999998,-66.73324275362319
63.57708333333332,-66.73324275362319
63.57291666666666,-66.73324275362319
63.568749999999994,-66.73328703703704
63.56458333333333,-66.73328703703704
63.56041666666667,-66.73333333333333
63.556250000000006,-66.73337765957447
63.55208333333334,-66.73355496453901
63.54791666666665,-66.73380102040817
63.54374999999999,-66.73410947712418
63.539583333333326,-66.73447327044025
63.53541666666666,-66.73497023809524
63.53184523809524,-66.73541666666667
63.53125,-66.73549836601306
63.52708333333334,-66.73632575757576
63.522916666666674,-66.7371408045977
63.51874999999998,-66.73806216931216
63.51458333333332,-66.7390318627451
63.51237745098038,-66.73958333333333
63.51041666666666,-66.74011243386244
63.506249999999994,-66.7413345410628
63.50208333333333,-66.74249429223744
63.49791666666667,-66.74369444444446
63.49770833333333,-66.74375
63.493750000000006,-66.74486502347418
63.48958333333334,-66.74605855855856
63.48541666666665,-66.74720394736842
63.48283730158728,-66.74791666666667
63.48124999999999,-66.74837328767123
63.477083333333326,-66.74943693693695
63.47291666666666,-66.7503710045662
63.46875000000001,-66.75122716894978
63.46458333333334,-66.75208333333333
63.46458333333334,-66.75208333333333
63.460416666666674,-66.75276741293533
63.45624999999998,-66.7532738095238
63.45208333333332,-66.7536111111111
63.44791666666666,-66.75376461988304
63.443749999999994,-66.75382575757575
63.43958333333333,-66.75360576923077
63.43541666666667,-66.75333333333333
63.431250000000006,-66.75286458333333
63.42708333333334,-66.75234929078015
63.42529761904761,-66.75208333333333
63.42291666666665,-66.75175
63.41874999999999,-66.75121527777777
63.414583333333326,-66.75060763888888
63.41041666666666,-66.75004432624114
63.40625,-66.74951241134751
63.40208333333334,-66.7490036231884
63.397916666666674,-66.74839015151515
63.39444444444443,-66.74791666666667
63.39374999999998,-66.74781746031745
63.38958333333333,-66.74710365853659
63.38541666666666,-66.74652777777779
63.381249999999994,-66.7459375
63.37708333333333,-66.74552083333333
63.37291666666667,-66.74517276422765
63.368750000000006,-66.74494047619048
63.36458333333334,-66.74498106060607
63.36041666666665,-66.74501811594203
63.35624999999999,-66.74519557823129
63.352083333333326,-66.74547955974843
63.34791666666666,-66.74583333333334
63.34375,-66.74615112994351
63.33958333333334,-66.74645833333334
63.335416666666674,-66.7467261904762
63.33124999999998,-66.74694010416667
63.32708333333332,-66.74714743589745
63.32291666666666,-66.74722222222223
63.318749999999994,-66.74728535353536
63.314583333333324,-66.74721153846154
63.31041666666667,-66.74713541666667
63.306250000000006,-66.7469246031746
63.30208333333335,-66.74670698924731
63.29791666666665,-66.74643817204301
63.29374999999999,-66.74614071038252
63.289583333333326,-66.74579802259888
63.28541666666666,-66.74547413793104
63.28125,-66.74511494252874
63.27708333333334,-66.74470029239767
63.272916666666674,-66.74427083333335
63.26874999999998,-66.74382440476191
63.26815476190474,-66.74375
63.26458333333331,-66.74329545454546
63.26041666666666,-66.74274691358025
63.25625,-66.74212962962963
63.25208333333333,-66.74151234567901
63.24791666666667,-66.74079545454545
63.243750000000006,-66.74011363636363
63.24083333333334,-66.73958333333333
63.23958333333334,-66.73933823529411
63.23541666666665,-66.73849999999999
63.23124999999999,-66.73758333333333
63.227083333333326,-66.73664215686274
63.22291666666666,-66.73566176470588
63.221955128205124,-66.73541666666667
63.21875,-66.73449074074074
63.21458333333334,-66.73314393939394
63.210416666666674,-66.73163759689922
63.209375,-66.73125
63.20624999999998,-66.73005952380953
63.20208333333332,-66.72833333333332
63.19930555555555,-66.72708333333333
63.19791666666666,-66.72652777777778
63.193749999999994,-66.7249053030303
63.18958333333333,-66.7233042635659
63.18860294117647,-66.72291666666666
63.185416666666676,-66.72178819444444
63.181250000000006,-66.72043439716312
63.17708333333334,-66.71911231884059
63.17597222222223,-66.71875
63.17291666666665,-66.71779513888889
63.16874999999999,-66.71644503546099
63.164583333333326,-66.71513888888889
63.162797619047616,-66.71458333333334
63.16041666666666,-66.7138425925926
63.15625,-66.7125
63.15208333333334,-66.71119186046512
63.14986111111112,-66.71041666666667
63.14791666666667,-66.7096875
63.14374999999998,-66.70822368421054
63.13958333333332,-66.70668859649123
63.13839285714285,-66.70625
63.13541666666666,-66.70502450980392
63.131249999999994,-66.7032196969697
63.128571428571426,-66.70208333333333
63.12708333333333,-66.7013888888889
63.12291666666667,-66.6996408045977
63.11907051282052,-66.69791666666667
63.118750000000006,-66.69777298850576
63.11458333333335,-66.69619252873564
63.11041666666665,-66.69464285714285
63.107638888888886,-66.69375
63.10624999999999,-66.69331896551724
63.102083333333326,-66.69194444444445
63.09791666666666,-66.69083333333333
63.09375,-66.68972222222222
63.09322916666667,-66.68958333333333
63.08958333333334,-66.68879504504504
63.08541666666668,-66.68811936936937
63.08124999999998,-66.6875
63.07708333333332,-66.68695175438597
63.07291666666666,-66.68659188034188
63.068749999999994,-66.68627136752137
63.06458333333333,-66.68595085470086
63.06041666666667,-66.68573717948718
63.056250000000006,-66.685625
63.05208333333334,-66.68561991869919
63.04791666666665,-66.68561507936508
63.04374999999999,-66.68561046511628
63.039583333333326,-66.68560606060606
63.03541666666666,-66.68569444444445
63.03125,-66.68577898550726
63.02708333333334,-66.68594858156028
63.022916666666674,-66.68616666666667
63.01874999999998,-66.68637820512821
63.01458333333332,-66.68670454545455
63.01041666666666,-66.68702485380118
63.006249999999994,-66.68728448275863
63.00208333333333,-66.68753531073446
63.00208333333333,-66.68753531073446
63.00208333333333,-68.5
63.00208333333333,-68.5
71.99791666666667,-68.5
71.99791666666667,-68.5
71.99791666666667,-66.64486111111111
